{"cameraMode":{"drawMode":0,"name":"Shaded","section":"Shading Mode"},"sceneLighting":true,"audioPlay":false,"sceneViewState":{"showFog":true,"showMaterialUpdate":false,"showSkybox":true,"showFlares":true,"showImageEffects":true,"showParticleSystems":true},"in2DMode":false,"pivot":{"x":0.5864148139953613,"y":1.9913253784179688,"z":-11.407928466796875},"rotation":{"x":-0.2638980746269226,"y":0.04107214882969856,"z":-0.011248147115111351,"w":-0.9636101126670837},"size":42.295379638671878,"orthographic":false}